{
    "functions": [{
        "source": "functions",
        "codebase": "default",
        "ignore": [
            "node_modules",
            ".git",
            "firebase-debug.log",
            "firebase-debug.*.log"
        ]
    }],
    "emulators": {
        "functions": {
            "port": 5003
        },
        "ui": {
            "enabled": true
        },
        "firestore": {
            "port": 8008
        },
        "database": {
            "port": 9002
        }
    }
    
}